ID,Revenu,Age,Anciennete,Enfants,Score_Credit,Epargne,Depenses,Capacite_Emprunt
1,2934.0,44,10.5,3,469,2986.45,2081.57,2130.8
2,3056.61,38,4.5,1,473,2882.63,1841.64,1878.24
3,2707.22,45,3.9,1,415,2636.58,1861.94,1838.44
4,3973.65,54,16.1,3,598,3668.23,2534.09,2459.1
5,2601.63,37,11.0,3,403,2223.39,1894.25,1760.46
6,3418.51,37,16.7,1,554,3305.22,2056.18,2626.94
7,4143.36,55,8.1,1,587,3276.41,2500.74,2669.95
8,4352.47,47,19.1,2,604,4048.6,2781.25,3218.5
9,3164.45,34,7.6,1,474,2515.64,2042.53,1804.04
10,4196.75,44,18.2,1,553,3668.59,2724.49,2770.34
11,1891.72,34,0.4,2,431,1737.03,1510.38,1365.0
12,3299.22,34,15.5,0,463,3017.14,1941.58,2979.85
13,2363.93,41,1.6,3,363,2110.45,1397.14,1301.62
14,2130.7,21,0.0,2,377,1600.31,1545.95,1326.75
15,1542.12,22,5.3,5,424,1824.49,1882.43,928.64
16,3789.79,33,17.6,1,571,3232.95,2468.49,3209.45
17,2958.53,29,8.3,1,432,2831.39,1613.34,1714.02
18,3974.37,42,9.2,0,522,3403.24,2001.37,2753.19
19,2337.61,30,5.3,1,404,2276.16,1304.94,1368.24
20,2535.31,25,6.3,2,408,2066.95,1904.62,1019.89
21,5456.58,54,20.4,0,698,4493.01,3290.6,3849.23
22,2621.83,37,5.9,1,387,2207.41,1507.92,1776.91
23,2882.74,40,14.0,4,549,2988.83,2559.73,1957.7
24,1472.0,25,3.5,1,419,2085.95,1024.17,1421.4
25,2905.45,34,5.8,2,506,2510.1,1923.2,2622.1
26,2370.9,40,9.0,5,404,2465.85,2144.81,1291.65
27,1804.69,27,0.0,2,371,1245.16,1561.63,1124.17
28,3676.06,43,12.4,2,457,2803.05,2472.99,2076.06
29,2489.81,33,2.0,0,409,2039.97,2006.63,1645.2
30,2710.91,36,2.6,1,462,2174.52,1432.38,1784.38
31,3017.8,33,10.5,2,539,2445.72,2164.86,2018.03
32,6146.6,58,32.7,0,688,5153.1,3232.46,4868.34
33,2946.69,39,11.5,2,465,2610.23,1737.28,2354.31
34,1823.05,28,0.0,0,384,1916.96,999.64,1487.08
35,3514.57,47,13.0,1,459,3177.7,2151.47,1902.49
36,2729.57,27,7.2,2,480,2622.54,2678.35,1647.54
37,3048.14,41,2.4,2,417,2805.66,1984.92,2359.2
38,1953.93,21,1.3,1,388,1892.64,938.21,1417.12
39,2799.22,26,6.5,1,440,2230.09,1796.02,2105.03
40,2852.69,41,10.0,2,435,2816.32,1348.08,2405.69
41,3908.53,46,6.5,0,521,3214.01,2123.94,2621.35
42,3437.13,41,3.7,0,477,2755.64,1894.91,2038.0
43,3084.47,38,5.1,1,452,2681.29,2098.95,1419.36
44,3834.63,36,11.3,0,504,3056.74,2381.66,2716.48
45,1220.18,24,0.0,2,363,1306.25,890.1,783.15
46,2415.44,32,5.7,1,512,2505.16,1466.32,2011.56
47,2659.64,34,10.1,3,462,2567.08,1788.29,1576.36
48,3919.52,50,11.1,4,561,3215.81,2559.88,2287.84
49,3262.45,42,14.0,1,451,2711.81,2061.12,2281.77
50,2397.12,21,6.1,1,445,2556.44,1141.81,1991.08
51,3525.69,42,6.8,3,436,3095.01,2363.03,1719.45
52,2921.32,35,4.9,1,393,3037.75,1508.08,2241.66
53,2915.31,32,8.8,1,442,2897.58,1937.33,1926.71
54,3851.24,45,19.6,0,625,3798.12,2622.58,2744.76
55,4089.6,49,20.3,1,622,3308.96,2064.84,3132.95
56,4199.37,48,12.6,2,559,3801.32,2150.81,2849.89
57,2805.77,31,5.4,1,387,2422.75,1688.21,1827.27
58,2613.34,36,4.1,2,426,2249.75,1801.73,1925.29
59,2705.73,42,4.6,4,443,2517.43,2269.38,1425.75
60,4110.97,49,26.5,1,613,3889.31,2316.06,3343.39
61,1936.2,34,0.3,1,309,1881.92,1188.73,984.05
62,3271.0,37,3.1,2,424,2571.39,2261.95,1947.35
63,1537.84,28,1.8,5,351,1771.25,2037.13,711.39
64,2440.32,27,5.7,1,463,2186.91,974.76,1846.3
65,3733.61,47,7.8,2,407,3101.7,2310.18,1684.93
66,4224.78,53,21.7,1,585,3596.06,2563.49,3428.88
67,2930.65,38,6.8,3,462,2594.19,1894.82,1560.64
68,4793.27,49,22.0,2,654,4340.4,3481.03,3155.55
69,3651.37,43,13.6,1,562,3015.67,2010.34,2748.21
70,4137.94,33,12.7,1,578,4092.07,2444.31,2669.74
71,2354.99,43,5.2,4,379,1686.22,2170.93,799.34
72,4518.55,54,15.4,4,478,3511.89,3039.65,1986.04
73,3404.52,39,13.0,0,505,3111.52,1355.45,2866.61
74,4351.17,55,13.8,4,594,3912.7,2993.12,2536.43
75,1877.46,21,1.4,3,444,1938.43,1860.84,1831.23
76,3451.4,47,11.9,1,546,3108.58,1983.94,2329.15
77,3351.15,40,11.3,3,514,3105.69,2146.13,2028.18
78,2308.73,36,7.7,0,463,2207.62,1528.99,1794.4
79,3548.14,40,11.1,1,491,3431.55,2038.86,2551.79
80,2371.36,21,8.6,2,435,2463.28,1521.4,1685.3
81,3355.53,37,10.1,1,577,3337.75,2067.39,2682.65
82,3195.34,43,3.0,3,411,2480.01,2513.25,1343.23
83,5031.67,54,23.9,0,720,4395.51,3434.3,3429.06
84,3346.83,34,15.5,3,497,2894.25,2612.38,1778.1
85,2141.63,31,6.5,5,463,1909.31,2402.65,668.82
86,3137.72,34,15.1,0,454,2852.59,1584.08,2371.8
87,4595.36,48,18.0,1,622,3834.55,2420.2,3209.08
88,3418.72,42,3.8,1,447,3088.02,2077.75,1958.66
89,2792.66,34,7.8,0,407,2196.77,1565.97,2238.01
90,4002.1,44,17.8,1,575,3946.31,2079.17,3349.94
91,2966.38,40,10.9,2,525,2560.7,1942.43,2072.2
92,4028.46,49,9.9,2,491,3436.28,2687.46,2002.12
93,2668.9,32,2.8,0,377,2531.62,1568.8,1661.67
94,3588.43,36,8.7,3,492,2967.92,2654.83,1925.95
95,2795.59,35,10.4,0,477,2805.78,1619.04,2125.17
96,1707.7,24,0.0,1,404,1478.78,977.27,1143.94
97,3249.01,42,7.4,1,529,3329.22,1823.06,2253.48
98,3197.27,42,6.3,4,458,2810.95,2142.79,1711.96
99,2831.52,39,5.6,1,541,2581.09,2237.07,1867.62
100,2634.46,37,8.5,3,458,2382.64,1992.72,1758.53
101,2466.49,25,3.9,1,417,2482.66,1473.61,1833.04
102,3345.4,35,11.4,2,428,2699.06,1939.91,1925.75
103,2068.3,36,0.7,2,382,1783.32,2319.55,1349.02
104,3182.4,31,7.9,1,470,2762.96,1629.79,2001.77
105,3715.57,37,14.3,4,562,3021.36,2643.49,1961.06
106,3664.0,43,12.6,0,554,3724.76,2131.64,2900.57
107,4561.86,58,17.2,2,532,3644.03,3037.08,2635.41
108,3246.92,41,6.4,1,490,3102.45,2234.03,2233.75
109,2684.4,42,4.8,1,478,2576.45,2162.55,1301.96
110,3392.51,38,13.6,2,581,2902.64,2367.61,2741.77
111,1210.67,21,3.7,1,409,1485.81,550.18,1490.05
112,3619.76,39,11.4,1,555,3438.94,2098.92,2310.03
113,2984.48,40,13.3,0,505,2712.54,1727.66,2099.86
114,5762.2,64,22.8,1,691,5114.25,3928.31,4191.65
115,2771.46,37,6.6,1,515,2901.04,1312.92,2064.39
116,3443.92,42,12.4,1,456,3185.43,2410.88,2124.22
117,2918.29,39,8.9,1,460,2522.05,1835.44,1552.48
118,1906.19,27,1.6,3,349,1539.97,1823.0,880.8
119,4390.49,50,13.2,2,577,3608.0,2746.21,2740.67
120,2725.27,47,10.3,1,527,2687.01,1443.02,2427.31
121,4107.94,47,11.8,2,514,3608.09,2829.61,2211.26
122,2832.31,30,9.2,2,359,1859.07,2101.01,1242.03
123,3119.54,53,5.1,0,458,2756.18,1987.92,2200.1
124,1525.64,25,3.1,6,394,1694.24,1915.38,933.52
125,4307.74,45,12.8,0,591,3664.82,2201.31,2732.16
126,4380.07,61,17.8,2,597,4113.91,2332.58,3374.29
127,2426.33,29,11.5,2,443,2406.66,1923.9,1812.05
128,3168.06,33,7.5,1,425,3056.47,2041.12,2318.98
129,3630.49,40,13.6,1,553,3192.52,1906.35,2684.58
130,2332.73,34,5.3,1,394,2390.39,1312.2,1169.04
131,1988.82,23,3.4,4,487,2519.02,1683.16,1387.12
132,2806.99,40,9.8,3,487,2945.25,1668.61,2267.71
133,2925.29,28,8.0,2,440,2332.89,1739.96,1696.11
134,4635.48,44,21.2,0,589,3870.89,2232.04,3362.88
135,2599.2,30,4.9,2,433,2305.29,1674.07,1656.26
136,3780.58,54,7.2,2,495,3357.37,2232.48,1695.08
137,2811.42,31,0.0,0,491,2798.16,1090.72,2491.75
138,2906.89,36,8.1,2,474,2445.99,2525.11,1603.38
139,3334.34,47,11.9,0,481,2950.76,2184.6,2509.97
140,2172.32,27,0.0,0,494,1730.49,976.65,1732.42
141,4182.12,41,12.1,1,554,3950.1,2556.44,3111.25
142,4508.83,52,25.2,1,655,3846.09,2776.75,3523.45
143,1857.49,23,2.7,1,370,1832.16,1535.12,1247.53
144,3966.76,41,16.8,0,582,3429.36,1952.51,2876.16
145,3140.13,42,6.7,0,498,3129.44,2032.86,2461.27
146,2967.19,47,6.8,2,379,1811.63,1838.54,1228.23
147,2908.65,27,8.3,2,557,2802.39,1585.72,2378.83
148,2900.01,26,3.4,3,499,2669.18,2337.77,1469.05
149,3874.65,44,15.8,2,527,3237.58,2852.47,2783.17
150,3105.58,42,11.6,2,440,3149.15,2792.68,2003.73
151,2588.86,42,6.3,0,470,2229.77,1087.95,2227.98
152,3988.29,42,18.4,2,565,3682.54,2749.26,2810.73
153,3174.36,32,8.4,1,502,2961.35,1811.15,1901.22
154,3508.31,41,11.1,2,516,3420.12,2508.91,2154.07
155,3363.16,42,10.2,1,526,2864.69,1618.0,2616.96
156,2376.75,32,4.9,0,504,2196.77,953.64,2100.59
157,4079.74,58,15.6,1,586,3858.17,2206.61,3280.26
158,3461.16,44,6.7,2,441,3045.37,2285.75,2130.99
159,2839.82,27,9.5,4,517,2305.61,2102.4,1585.83
160,2932.99,46,9.2,1,551,2675.93,1977.68,2059.36
161,3160.44,29,7.7,1,625,3180.47,2205.77,2470.26
162,4106.92,47,15.3,2,504,3662.91,2786.69,2108.43
163,4564.86,51,14.0,0,595,3731.72,2963.93,3417.03
164,2073.26,31,8.4,6,308,1110.48,2336.72,776.75
165,3949.96,49,20.9,1,600,3659.76,2011.75,3429.79
166,3452.86,43,11.0,0,492,2721.25,2280.82,2022.51
167,4161.97,47,15.3,0,656,3256.63,2119.64,3441.65
168,5409.73,58,21.3,3,603,3731.04,3770.27,3605.04
169,3276.13,37,9.2,2,413,2977.36,2602.52,1625.43
170,2630.06,31,8.0,1,436,2448.13,1754.41,2060.28
171,2053.77,30,4.9,2,321,1795.43,1070.65,1343.47
172,3065.5,31,8.0,3,501,3149.8,1968.93,1726.68
173,2634.35,38,6.6,0,365,2449.97,1819.26,1897.19
174,4596.96,42,19.1,0,608,4347.74,2480.98,3626.27
175,3714.47,42,17.2,2,449,2763.02,2425.24,2222.06
176,3433.7,47,0.6,2,448,2926.07,2461.01,2072.27
177,3377.63,39,9.5,2,569,2713.85,2412.66,1882.42
178,4838.05,54,24.8,2,645,4103.84,3098.99,3075.15
179,2312.21,36,2.2,2,374,2043.81,1573.29,1416.2
180,5383.68,65,25.4,0,669,4699.42,2873.48,3978.95
181,4572.91,45,23.4,1,617,3957.3,2935.31,3160.57
182,2681.0,30,7.2,0,484,2689.49,1629.55,2309.87
183,2063.17,28,5.3,4,339,2064.95,1782.7,1229.35
184,3662.03,44,14.0,1,560,3816.77,2497.11,2905.47
185,3251.5,37,13.7,5,366,2595.33,2652.2,1582.97
186,3395.94,46,19.3,2,507,2782.2,1989.3,2649.42
187,4022.36,44,16.6,2,534,3515.77,2359.79,2651.56
188,2522.1,38,8.5,6,453,2177.82,2193.11,1781.61
189,2236.33,31,7.5,2,431,2532.52,1513.71,1540.65
190,1524.43,24,4.5,2,319,1448.49,1543.88,1449.35
191,2138.14,35,7.3,3,374,1857.06,1490.55,1379.2
192,3850.59,48,19.5,0,579,3312.59,2170.6,2733.81
193,2792.84,41,6.8,2,451,2723.48,1712.19,2214.0
194,3260.64,27,8.6,1,465,2819.83,1900.47,2233.18
195,3122.94,41,10.6,2,465,2612.64,1654.81,2334.16
196,2965.21,43,2.4,0,489,3135.31,1569.12,2463.58
197,2250.17,30,0.0,1,383,1870.84,1363.36,1496.82
198,3744.87,41,16.2,2,536,3295.66,2570.96,2435.27
199,2854.89,40,4.6,1,553,2928.14,1812.71,2379.15
200,1939.65,28,5.4,2,343,1411.28,1091.26,1286.18
201,3351.82,43,2.7,2,383,2887.7,2507.08,1858.63
202,3626.52,45,4.7,4,511,2905.16,2773.47,1398.93
203,3639.07,50,17.4,1,515,3388.94,2237.04,2797.82
204,4179.59,50,22.4,2,572,3380.75,2656.2,2807.44
205,1899.07,25,1.6,1,360,1998.98,1079.51,1756.92
206,1772.41,30,0.0,1,371,2043.03,1215.81,1442.01
207,4037.09,44,16.0,1,632,3855.57,2533.56,3085.03
208,3582.1,44,15.1,0,576,3319.82,1481.03,3077.27
209,3831.77,44,4.2,0,547,3302.81,1956.62,2366.13
210,4827.69,65,9.8,0,517,3779.4,2583.85,3318.52
211,4046.4,45,18.1,3,505,3785.38,2837.25,3041.73
212,3924.45,50,8.5,2,390,2961.12,2852.57,2096.82
213,4803.07,49,21.3,2,577,3757.11,2785.6,3520.92
214,3228.62,46,10.8,5,518,3099.91,2536.31,1801.22
215,3235.32,36,16.3,1,544,2786.48,1815.92,2399.79
216,4155.35,47,17.9,1,563,3352.92,2241.01,2977.43
217,3074.57,31,9.4,2,478,2406.32,1953.8,2115.61
218,2863.67,37,5.0,0,432,2432.68,1790.84,1863.38
219,2380.05,34,8.6,0,463,2287.66,1013.95,2212.21
220,2715.01,40,6.8,2,485,2617.83,1973.04,1943.19
221,4802.11,62,19.4,3,527,4163.72,2704.63,2809.0
222,2135.52,21,7.1,2,437,2241.73,1377.36,1777.8
223,4509.39,46,14.7,2,614,3853.72,2747.91,3175.84
224,1309.9,23,0.0,1,341,1376.06,1369.41,978.96
225,3514.96,34,14.4,0,565,3323.6,1856.28,3079.85
226,4441.19,50,13.0,1,695,4322.17,2006.31,3133.33
227,3847.01,40,7.6,2,506,3327.62,1916.17,2554.18
228,2489.46,28,9.3,2,467,2267.45,1738.73,1568.09
229,2610.0,32,3.4,1,405,2098.78,1787.36,1380.25
230,3972.42,46,12.9,0,558,3106.68,2289.96,2649.62
231,2788.42,32,8.0,2,480,2759.63,1940.55,1748.99
232,2980.4,41,7.0,3,468,2834.36,2504.65,1651.93
233,3675.59,39,14.4,1,489,3304.3,2050.49,2557.73
234,1511.71,32,3.4,2,386,1600.75,1442.02,1313.43
235,4355.72,60,11.1,4,604,4139.46,2658.68,2645.3
236,3265.16,45,6.8,2,499,2800.94,1902.45,1782.12
237,2080.13,21,5.9,0,471,2376.11,638.1,2284.48
238,4317.4,41,14.8,2,552,3661.43,2657.61,2608.93
239,2324.77,32,6.3,3,457,2112.2,1805.67,1527.26
240,3814.92,48,14.8,1,557,3515.11,2310.16,2868.42
241,3246.04,31,6.2,2,432,2893.12,2162.65,1985.08
242,3072.78,38,12.2,0,517,2924.56,1430.31,2789.96
243,4068.46,44,22.3,2,536,3507.56,2544.39,2992.36
244,3301.54,48,7.9,4,444,2837.04,2116.56,1670.22
245,2380.26,27,3.3,4,417,2822.97,2410.85,1786.71
246,3341.73,36,12.7,1,525,3313.41,1932.94,2585.29
247,2348.58,34,7.3,1,387,2333.63,1334.83,1723.92
248,2079.74,32,3.8,6,431,2092.5,2668.76,1102.47
249,4813.43,57,24.3,1,658,4419.81,2479.56,3738.24
250,2972.97,43,5.5,3,421,2730.43,1859.97,1849.97
251,2261.05,26,2.6,1,348,2035.27,1116.63,2064.61
252,3784.37,48,11.4,3,510,3188.96,2602.4,2223.57
253,5063.4,60,33.5,4,643,4276.66,3625.72,3393.05
254,4608.38,49,19.3,3,595,3135.07,3281.72,2804.1
255,2343.4,24,6.5,2,415,2252.25,2369.03,1693.45
256,3213.59,34,5.7,0,393,2577.96,1137.63,1849.37
257,3724.47,52,6.7,1,490,3588.52,2398.9,1947.57
258,3236.46,32,9.3,1,479,2874.13,1804.06,2145.33
259,3282.29,43,7.2,3,503,2643.95,2181.06,1622.89
260,3793.18,47,8.1,4,467,3179.25,2632.71,1924.77
261,3097.79,30,11.5,1,570,2685.87,1629.33,2578.64
262,3121.73,38,9.8,1,403,2779.7,2368.62,1769.05
263,2738.35,21,3.4,1,504,2676.85,1921.94,1615.65
264,3337.16,29,14.3,2,502,3212.04,2201.93,2394.39
265,3301.81,36,10.3,1,539,2819.55,2374.28,2491.98
266,2118.29,27,9.0,2,434,2102.15,1101.55,1367.85
267,4676.09,55,27.6,2,683,3788.19,2559.25,3743.82
268,2173.45,25,3.8,3,388,2222.11,1125.57,1638.84
269,3225.93,35,12.0,1,454,2946.74,1758.43,2531.35
270,3355.06,40,15.0,2,580,3247.5,2250.56,2816.05
271,4720.34,53,21.8,1,612,4028.82,2804.99,3838.66
272,2835.02,25,6.2,2,465,2697.54,1961.08,1797.53
273,4705.39,51,20.1,1,665,4515.85,2372.87,3609.45
274,2437.65,39,4.6,1,388,2138.19,1745.59,1494.36
275,2022.97,29,1.1,3,414,2034.73,1719.73,1218.98
276,2948.26,44,7.0,1,443,2353.55,2006.8,2244.75
277,3750.31,41,18.3,1,549,3095.91,1712.69,2592.23
278,2429.23,33,4.7,1,438,2318.1,1603.3,1554.63
279,2756.82,40,5.2,1,385,2678.45,1363.68,2187.19
280,2597.7,35,10.6,2,425,2311.93,1677.49,2063.5
281,3171.32,40,8.8,0,555,2905.46,1893.85,2373.05
282,3300.79,46,10.1,2,533,2904.74,2200.94,2441.98
283,4075.69,55,27.8,3,594,3462.74,2543.2,3136.15
284,3055.54,27,4.6,0,482,2835.99,1682.3,2523.58
285,5726.07,60,27.5,2,671,4383.76,3080.51,3892.38
286,1729.29,21,2.8,2,447,2196.48,1633.19,1589.52
287,3124.59,37,9.9,1,481,2636.35,1841.04,2787.62
288,3622.92,45,18.4,2,553,3422.41,2665.8,2752.94
289,3822.5,42,7.7,0,573,3084.75,1954.95,2702.69
290,3452.05,33,8.9,3,455,3126.88,2292.03,2215.83
291,3099.84,37,10.0,3,547,3074.74,2030.94,2113.79
292,3353.24,34,9.5,0,437,2961.28,2089.61,2801.14
293,2978.35,33,9.6,1,555,2596.34,1619.45,2371.17
294,3046.15,47,9.7,2,462,2783.2,2215.87,1938.71
295,3082.86,43,7.6,1,468,2457.33,1768.49,1903.03
296,2423.17,32,3.1,2,337,2044.89,1139.48,1714.6
297,3885.91,48,15.5,0,536,3631.11,1977.56,3143.74
298,3126.47,42,7.9,1,435,2920.83,1569.41,2065.75
299,4366.01,47,22.9,3,565,3726.92,2950.8,3048.13
300,3612.69,45,12.8,2,514,2920.75,2013.67,2107.38
301,2604.29,31,7.3,3,485,2648.18,2231.63,1755.8
302,2797.79,33,13.2,1,496,2632.33,1693.28,2351.23
303,3935.04,46,18.8,0,586,2914.08,2114.55,3372.93
304,3583.4,45,18.4,2,491,3302.01,2514.52,2333.1
305,3816.24,39,13.7,1,500,3259.97,2548.82,2252.73
306,2243.02,40,6.0,1,511,2611.26,1408.04,1757.54
307,4516.76,52,13.9,0,548,3513.61,2268.28,2760.98
308,3441.22,33,11.3,3,574,2372.2,1935.96,2582.36
309,4095.24,44,20.3,0,575,3643.86,2060.29,3555.71
310,2202.9,37,12.7,6,425,2203.78,2118.78,1381.15
311,3072.54,37,12.2,3,533,2440.98,2259.87,2323.35
312,4273.54,50,17.8,0,642,3560.77,2253.8,3303.25
313,3622.29,47,16.3,2,529,3887.41,2544.88,2606.42
314,3842.67,47,16.4,1,534,3267.73,2121.84,2705.5
315,4808.57,52,17.9,3,592,4228.77,3168.74,2952.67
316,3673.72,39,13.8,2,542,3090.81,2712.06,2077.88
317,3866.4,46,20.0,2,601,2957.17,2582.23,2830.96
318,2634.84,36,12.2,2,469,2434.75,1792.35,1966.75
319,2747.54,42,3.6,2,468,2478.8,1702.6,1961.57
320,3478.29,38,14.9,0,607,3149.6,1735.75,2924.43
321,4021.67,40,18.4,1,586,3519.29,2153.75,2994.3
322,2931.64,45,4.2,0,477,2743.01,1460.92,1972.79
323,2861.02,31,8.1,2,395,2447.49,2145.15,1736.12
324,4820.3,60,10.9,3,448,3479.41,3129.04,2592.86
325,2565.43,29,2.5,0,456,2532.46,1033.05,1759.55
326,2523.17,27,7.5,0,452,1890.43,1882.83,1846.54
327,3660.9,51,9.0,0,496,2649.75,2103.08,2467.81
328,4183.16,47,19.9,0,600,3857.85,1906.8,3194.05
329,4121.22,45,14.9,4,539,3652.01,2862.96,2359.38
330,3377.44,45,11.6,1,560,3087.7,2068.64,2569.82
331,3013.83,39,6.9,1,476,2376.81,2314.89,1676.68
332,2393.92,30,3.8,1,395,2018.76,1186.38,1741.79
333,3501.38,40,17.1,3,570,3131.21,2739.05,2226.35
334,2262.64,32,8.9,3,421,1761.59,2176.31,1612.82
335,4223.04,49,17.5,3,587,3489.85,2686.65,3295.04
336,3108.65,38,10.0,2,462,2921.95,1992.05,1911.89
337,2580.08,31,3.0,0,412,2697.65,1128.88,2072.52
338,2299.24,36,3.8,5,404,2047.78,2107.61,952.7
339,3892.29,43,11.0,1,533,3562.09,2310.51,2882.39
340,2526.13,33,8.4,1,475,1943.58,1754.07,1572.86
341,3202.21,31,6.4,1,468,2991.95,2246.47,2189.47
342,3377.33,41,19.2,0,463,2726.41,1648.06,2468.0
343,3840.17,41,14.9,0,532,3415.58,1561.24,2921.3
344,3000.4,34,7.2,0,515,2724.49,1644.27,2071.2
345,2876.56,34,13.5,3,466,2953.17,2204.3,2186.05
346,4347.54,41,22.2,0,595,3548.03,2460.98,3100.05
347,3002.83,25,9.0,0,531,2973.61,1560.09,2564.4
348,1744.11,25,8.5,0,389,1711.97,994.19,1566.71
349,3126.96,32,11.3,2,420,2655.36,2504.15,1878.4
350,2068.36,37,6.8,0,423,1998.52,1244.48,1795.85
351,3103.02,42,11.3,1,473,2563.07,1782.12,2054.95
352,5111.21,54,19.3,1,583,4215.33,2851.11,3428.13
353,3085.38,48,4.7,0,465,2734.59,1649.4,2499.64
354,2714.14,37,10.0,1,492,2628.36,2131.07,1858.22
355,2958.72,39,7.9,2,467,2696.35,1935.97,2232.33
356,3084.77,29,4.8,2,475,2967.51,2051.08,2297.85
357,2304.91,39,7.3,3,508,2574.41,1672.65,1591.17
358,3022.04,36,15.0,2,484,2481.62,2329.84,1780.27
359,4373.1,42,17.7,2,590,3990.48,3313.96,2945.33
360,3764.2,31,13.7,1,514,2962.59,2376.48,2407.58
361,3571.8,44,12.4,1,484,3232.87,2167.67,2876.81
362,3379.33,54,8.9,1,472,3100.16,2048.93,2291.57
363,3870.55,38,10.1,2,500,2822.6,1821.19,2271.73
364,3213.05,43,0.0,2,465,2852.03,2335.82,1520.59
365,3473.63,46,5.8,1,597,3110.39,2128.06,2688.69
366,2465.66,35,6.5,2,405,2068.13,1836.05,1437.96
367,3665.84,41,15.4,1,520,3546.79,1997.0,2752.92
368,3541.87,39,14.9,0,534,2993.48,1840.38,2944.56
369,3187.8,40,9.6,5,486,2648.92,2538.2,1630.28
370,3441.85,31,11.7,2,519,3086.63,2539.07,2265.93
371,3653.8,39,11.3,0,586,3490.96,1903.54,2840.88
372,3752.92,44,21.0,3,444,3091.42,3187.25,2421.53
373,4620.77,54,14.7,3,464,3992.44,3202.07,2708.01
374,3877.6,49,10.9,0,515,3464.15,1775.49,2748.14
375,4461.47,61,10.8,2,604,3308.13,2777.82,2749.97
376,3473.29,31,11.5,1,443,2818.85,1907.84,2231.16
377,4133.95,48,22.9,1,457,3245.1,1839.24,2643.03
378,3413.46,41,12.3,2,534,3196.62,2685.26,2355.94
379,3873.99,61,8.5,2,527,2693.67,2687.57,2656.95
380,1900.25,31,4.2,1,357,2457.56,1374.44,1283.08
381,2822.35,31,7.8,1,422,2642.16,1778.6,1780.74
382,3159.04,33,0.5,1,410,2734.39,1530.51,1715.0
383,1190.97,21,3.0,3,359,1679.14,1059.62,1131.75
384,2607.7,34,4.7,1,415,2949.69,1849.93,1918.27
385,2708.19,31,4.7,1,470,2743.56,1375.16,1990.57
386,3373.08,41,11.5,3,368,2991.26,1686.3,1845.17
387,3290.41,42,12.0,5,444,2871.86,2646.13,1795.47
388,4362.27,58,20.1,0,548,3655.34,2359.56,2837.89
389,3624.48,49,9.4,3,489,3008.95,2571.42,2141.38
390,2020.13,33,0.0,0,377,1724.18,1315.06,1595.33
391,1785.53,30,8.6,5,430,1708.52,2060.57,800.17
392,4226.11,44,16.4,3,475,3137.97,2936.81,2083.34
393,2953.44,26,10.4,2,479,2674.94,2319.14,2325.29
394,4113.08,57,11.0,1,569,3152.75,2016.88,2650.19
395,3730.18,51,8.5,1,598,3436.94,2372.88,2866.79
396,3018.01,34,5.6,2,440,2653.4,2195.34,1778.78
397,1868.52,22,0.0,0,408,1929.66,680.61,1553.84
398,4537.41,53,14.8,0,505,3591.47,2074.77,3157.51
399,3384.88,38,15.7,3,406,3599.37,2192.82,2044.77
400,4783.19,51,18.7,2,640,4457.56,2805.53,3362.3
401,2091.28,23,3.2,2,405,1714.66,1721.16,1225.49
402,2627.92,33,4.5,1,496,2581.1,1453.28,1705.79
403,2908.48,39,11.4,0,429,2423.85,1359.89,2305.88
404,3357.43,39,10.6,1,528,2777.79,1855.33,2356.22
405,2649.82,34,9.3,1,548,2293.89,1950.62,2039.85
406,3764.6,45,18.9,4,559,3447.8,2794.18,2232.73
407,2404.62,28,9.0,0,469,2164.14,1272.35,2395.75
408,2651.82,38,8.5,2,455,2705.04,1787.7,2094.04
409,4099.67,40,10.8,0,477,3649.73,2616.6,2855.94
410,3562.97,44,5.1,1,554,3548.91,1929.86,2432.36
411,4827.13,46,19.5,2,580,3823.49,3383.26,2634.19
412,1869.99,28,3.4,0,430,2051.88,1087.43,2088.66
413,1824.94,24,0.0,2,309,1845.61,1318.8,1047.79
414,3768.27,52,18.3,5,479,3079.15,3672.8,1821.65
415,3022.51,42,8.8,1,545,2661.84,1546.8,2424.68
416,2170.66,32,3.6,0,407,2481.33,1094.83,2053.54
417,5199.85,55,21.3,0,711,4559.85,2514.84,3924.91
418,3132.32,40,11.3,3,480,2965.56,2529.47,2266.23
419,3726.93,51,5.4,3,407,2837.89,3062.79,1974.77
420,3394.44,40,8.9,1,539,2770.77,2514.52,2018.09
421,5125.27,60,11.7,0,577,4073.04,3161.61,3003.69
422,3901.19,57,16.2,2,579,3430.48,2450.32,2960.74
423,3378.73,37,7.9,2,490,2710.17,2116.03,1522.08
424,4491.25,49,15.5,0,517,3712.94,2002.26,3093.6
425,3169.32,45,11.5,3,494,2431.8,2853.17,1546.45
426,4495.5,53,15.4,3,667,3708.16,3143.84,2798.39
427,2022.65,29,0.0,5,393,2129.74,1874.71,894.95
428,3431.38,46,10.3,2,498,3175.13,2619.12,2113.8
429,3411.62,50,11.0,3,545,2998.19,2144.02,2160.77
430,1453.31,21,0.0,1,376,1323.67,1093.18,865.66
431,2891.43,27,5.7,6,441,2329.28,2621.95,1787.96
432,2003.24,21,5.4,3,355,1787.04,1820.61,1563.06
433,3178.75,36,7.5,1,493,3020.18,1910.51,1979.23
434,3789.19,46,18.8,3,593,3649.21,2217.79,3166.02
435,4576.05,54,23.7,1,580,3756.98,2717.99,3181.08
436,3416.69,40,7.4,2,553,2824.54,2532.86,2194.14
437,3900.65,55,17.4,3,543,3461.87,2677.18,2570.41
438,1905.68,25,1.8,0,363,1628.2,1265.15,1237.68
439,1801.91,22,0.0,0,435,1770.6,698.3,1802.64
440,3351.98,38,14.9,6,478,3270.47,2916.24,1896.92
441,2912.32,43,4.0,1,490,2894.04,1606.91,1981.24
442,2784.54,39,1.3,0,431,2542.24,1740.65,1562.41
443,2178.5,21,3.3,1,413,1776.87,1386.99,1329.93
444,3655.12,38,14.4,3,545,3299.24,2743.54,2018.25
445,1624.97,26,0.0,0,394,1982.95,1198.29,1381.48
446,2973.55,46,2.9,0,370,2416.55,1829.1,1535.69
447,3918.17,43,11.5,1,485,3640.86,2411.47,2518.76
448,3164.13,30,12.3,4,525,3230.36,2180.77,2449.62
449,2098.5,34,4.7,2,406,2447.4,1513.39,1796.52
450,2264.02,28,2.3,2,387,2176.3,1455.94,1440.83
451,2078.62,38,4.3,1,354,2072.78,1226.9,1477.96
452,3633.43,49,11.6,5,449,3415.34,2793.52,2366.61
453,2953.22,29,3.2,1,363,2597.11,1529.89,1915.24
454,2631.24,44,4.9,4,423,2266.75,1619.13,1448.15
455,2480.99,34,6.9,1,419,2179.77,1357.46,1502.49
456,2758.41,31,4.8,1,408,2503.58,1751.27,1886.18
457,2847.02,38,13.1,1,486,2316.75,1368.37,2442.54
458,2513.54,29,9.0,0,478,2383.08,1386.84,1974.66
459,2913.75,33,6.0,0,564,3095.65,2134.64,2352.58
460,1968.0,27,2.5,0,340,1285.0,1368.86,1216.3
461,4703.41,59,21.3,4,649,4467.11,3767.07,2975.59
462,3267.46,39,7.6,2,526,3252.43,2266.62,1659.09
463,2802.54,32,6.5,1,425,2387.76,2048.3,1759.85
464,3818.39,41,16.0,1,558,3507.76,2077.4,3071.02
465,2666.31,38,4.5,1,425,2418.4,1466.05,1701.72
466,3898.52,37,19.2,1,574,3757.93,1557.23,3175.26
467,3950.69,45,16.7,0,632,3833.14,2505.0,2945.15
468,4199.23,47,17.2,2,594,3322.73,3100.87,2821.17
469,2730.07,34,8.2,0,492,2725.41,1346.65,2212.36
470,3091.1,33,13.0,1,481,2731.22,1809.0,2100.33
471,2525.51,36,7.6,2,378,2266.74,1537.95,1957.04
472,1652.75,21,0.0,2,361,1492.92,1376.15,1232.13
473,1934.15,24,5.4,1,467,2476.1,1558.76,1560.71
474,4295.08,53,22.0,1,528,3873.42,2054.32,3306.42
475,4998.53,55,23.9,1,592,3979.83,3043.84,3523.56
476,3584.46,37,15.5,1,541,2862.34,2073.98,2759.84
477,3815.01,45,10.8,1,484,3139.44,2310.0,2079.43
478,3576.11,42,17.1,4,488,3203.39,2815.38,2423.92
479,5416.82,65,22.7,1,637,4564.32,3106.55,3560.45
480,4594.78,50,21.6,4,531,4117.28,3218.12,2743.78
481,3061.67,38,6.8,2,424,2859.72,1984.03,2495.8
482,1806.02,29,1.0,2,414,2107.24,1625.0,1328.72
483,1856.28,23,0.7,2,325,1817.21,1498.21,991.76
484,3392.45,41,10.0,2,426,2522.29,2287.61,1503.95
485,2736.51,31,7.7,0,439,2438.41,1149.22,2445.1
486,1287.73,25,1.9,1,399,1781.48,782.25,1003.73
487,2821.17,33,8.0,2,452,2550.2,2163.27,1606.52
488,3193.39,28,5.7,1,456,2925.69,1946.92,2019.39
489,4324.99,56,17.3,2,575,3637.61,2923.41,3158.22
490,3797.17,48,15.6,0,474,2949.46,2583.07,2722.64
491,3478.67,39,11.9,1,538,3093.97,2384.08,2415.67
492,4776.33,54,21.1,1,634,4180.64,2833.07,3484.55
493,3780.46,40,10.9,0,514,3105.53,1936.17,2530.69
494,2151.75,30,8.6,4,463,2109.01,1188.47,1639.94
495,4066.98,54,8.3,0,486,3161.12,2189.69,2600.95
496,4341.65,44,20.5,2,638,4119.74,2656.62,3418.86
497,2566.25,29,7.3,0,464,2353.5,1520.74,2235.59
498,3415.54,37,13.6,3,492,3366.48,2375.45,2379.83
499,3030.31,30,8.0,1,477,3118.9,1756.96,2139.74
500,3030.31,25,12.0,1,489,2738.17,1348.44,2538.93
501,3149.94,48,9.0,1,542,2677.19,1649.28,2335.88
502,4341.06,58,9.2,0,505,3079.7,2521.04,2412.11
503,2008.36,25,3.8,4,357,1520.32,2305.05,785.86
504,3594.51,45,11.2,1,565,2902.42,2129.67,2561.09
505,2993.62,32,10.4,0,464,3036.73,1738.28,2526.05
506,2806.41,34,8.7,2,504,2675.49,2170.22,1920.41
507,3341.1,33,9.7,1,576,3206.27,1790.55,2301.37
508,2712.7,30,9.6,2,444,1925.89,1954.69,1766.61
509,2461.16,39,5.4,2,463,2060.4,1506.3,1738.14
510,2614.26,31,9.1,2,403,2568.37,2040.0,1767.97
511,4097.54,42,21.5,4,601,3693.68,3016.04,2959.49
512,3262.23,38,4.6,0,490,2868.65,1877.79,2464.66
513,3084.08,37,6.4,1,495,2944.51,1657.12,2087.34
514,2061.31,30,4.7,3,375,2361.63,1871.69,1146.75
515,3870.82,33,10.8,1,456,3165.43,2892.67,2065.7
516,4204.67,47,17.1,0,601,3706.54,2030.35,3383.01
517,3750.39,44,9.2,3,413,3117.63,2507.58,2354.06
518,2464.9,29,5.9,0,433,2904.88,1420.55,1941.53
519,3978.68,40,17.6,1,606,3032.18,2588.47,2794.78
520,4195.81,47,14.1,0,575,3806.9,2151.02,3406.3
521,2288.37,22,1.6,1,502,2294.58,645.35,2051.97
522,3985.08,44,12.5,1,589,3673.33,2752.37,2851.56
523,3140.27,32,8.5,0,462,2613.48,1940.09,1932.91
524,3047.72,45,5.9,2,465,2714.73,1548.22,2182.22
525,2801.89,31,12.1,1,480,2779.68,1550.92,2045.84
526,1891.41,21,1.0,1,321,2529.37,1659.37,1018.52
527,2517.59,23,6.8,3,393,2469.89,2330.06,1368.13
528,3226.05,39,10.7,0,479,2650.1,2037.15,2174.02
529,4266.81,42,17.2,0,491,3422.4,2297.43,2883.46
530,3028.42,30,7.0,3,464,2598.67,2228.87,1481.53
531,3122.29,45,9.4,1,477,2344.62,1860.6,2337.56
532,1531.08,22,2.2,3,300,1406.75,1698.0,1009.6
533,3199.87,38,11.7,2,513,3090.5,1874.69,1903.67
534,2277.66,27,4.5,4,440,1885.77,1747.09,1544.15
535,2382.4,32,5.8,2,441,2532.18,1953.2,1463.38
536,3820.27,39,13.6,4,507,3402.81,2808.73,2447.59
537,2489.42,30,3.3,1,458,2184.8,1935.15,1652.13
538,3188.81,35,12.0,1,532,2899.37,1745.82,2458.34
539,3397.43,49,14.5,3,524,3448.66,2393.25,2320.71
540,2213.46,33,6.7,2,388,2254.79,1319.13,1868.26
541,3944.35,47,13.3,0,563,3460.85,2171.46,2616.0
542,1600.59,28,4.1,0,450,1743.35,466.33,1843.36
543,3815.42,44,10.3,1,499,3283.14,2141.95,2772.85
544,3730.65,53,10.3,3,604,3272.51,2189.7,2677.29
545,2928.08,21,2.4,3,414,2035.06,2344.74,1927.63
546,3605.77,31,10.9,4,501,3648.55,2903.82,2009.19
547,3608.49,45,12.1,0,499,3173.51,1500.2,2928.67
548,2772.78,37,5.5,1,465,2655.1,2078.52,1864.23
549,4240.45,43,17.1,1,496,3507.45,3211.53,2931.75
550,3092.11,33,5.3,4,427,2502.35,2433.54,1553.89
551,3176.69,40,17.0,1,472,2772.11,1747.67,2364.68
552,2553.77,37,10.2,0,475,2037.73,2195.39,2201.19
553,3726.29,51,12.7,1,576,3916.13,1860.15,2781.94
554,3511.96,42,9.4,1,536,2834.07,2117.21,2089.6
555,3378.91,42,8.5,2,384,2528.53,2268.69,1755.37
556,3248.42,35,7.7,1,579,2946.36,2343.27,2453.91
557,2432.11,34,8.6,2,457,2653.05,1798.39,2130.4
558,2740.35,35,16.8,0,469,2547.34,1367.57,2448.44
559,3697.3,43,10.6,2,522,2923.5,2127.19,2687.6
560,2116.13,35,3.3,5,397,2340.07,1968.16,809.32
561,3037.53,42,16.2,2,475,2920.42,1748.7,2231.3
562,5230.77,60,24.0,0,666,4577.29,2890.32,3788.96
563,3311.61,48,2.2,2,435,3015.21,2023.41,1883.4
564,2878.28,36,8.3,2,447,3187.58,1524.72,2118.2
565,3246.75,51,5.6,2,442,3354.6,2497.16,2104.21
566,2939.22,35,10.0,2,410,2389.52,1837.22,1787.94
567,1745.3,21,3.0,2,394,2196.94,964.83,1451.99
568,2053.18,29,6.0,0,453,2184.16,1082.14,1851.4
569,1741.86,21,4.1,1,421,1961.92,1157.17,1298.75
570,3109.45,35,9.6,3,513,2427.77,1761.19,2038.71
571,3469.59,39,12.6,2,526,3056.2,2361.13,2327.13
572,5107.82,56,24.7,0,630,4098.04,2516.1,3722.38
573,3041.7,42,10.0,0,530,3046.63,2152.02,2372.45
574,2832.47,37,7.3,2,398,2739.83,2064.57,1780.43
575,2624.03,47,7.3,1,414,1853.24,1511.24,1677.69
576,2098.47,21,5.3,2,371,1962.86,1305.51,1721.39
577,3751.1,41,9.8,2,563,3620.19,2393.71,2280.37
578,3922.05,47,22.9,2,618,3497.63,2688.71,2819.37
579,1886.93,24,3.6,1,425,2116.57,1210.67,2171.6
580,4065.19,50,14.0,2,595,3680.1,2535.05,2571.3
581,3802.49,42,10.2,1,485,3316.6,2287.72,2173.47
582,2861.12,35,10.9,3,484,2577.88,1944.54,2112.43
583,3209.71,45,10.1,2,483,2555.73,2029.24,1646.82
584,4159.88,62,19.7,3,607,3391.17,2243.91,2887.47
585,3194.2,41,7.9,1,480,3021.97,2209.46,2632.48
586,3492.73,41,1.9,0,465,3007.2,2004.66,1849.52
587,2862.08,34,8.5,4,477,2599.26,2077.57,1324.4
588,2574.2,31,6.1,1,487,2365.8,2127.46,1487.69
589,3523.73,47,8.8,3,463,2942.37,2502.42,2211.26
590,3058.12,30,13.6,1,499,3055.16,1571.84,2703.81
591,3021.44,40,11.8,3,433,2568.24,2441.68,1706.84
592,3292.15,34,10.2,1,387,2402.46,2102.13,2142.58
593,3692.02,44,11.9,0,541,3449.16,2141.09,3035.55
594,3713.16,42,15.1,1,567,3272.37,2103.03,3160.89
595,3395.62,49,11.6,2,516,3041.89,2353.73,2231.23
596,3439.23,34,9.9,1,418,3286.31,1998.28,1766.61
597,3240.65,36,8.4,0,480,2867.78,1938.02,2125.56
598,2207.48,29,4.8,1,324,2023.68,860.73,1473.99
599,3196.64,35,7.3,1,545,2667.59,1816.67,2232.69
600,3712.85,43,17.6,2,495,3138.36,2884.27,2377.9
601,2584.3,47,0.9,3,471,2603.0,1746.59,1848.95
602,2314.1,30,9.0,5,464,1881.59,2003.68,1651.02
603,3606.13,48,19.8,3,501,3187.77,2397.94,2449.77
604,3487.04,53,3.1,2,424,2949.96,1937.73,2219.06
605,3073.1,43,15.7,3,514,2841.24,1611.89,2411.24
606,4405.04,58,21.5,2,556,3991.68,2718.21,3077.24
607,1929.54,31,8.3,3,416,2029.25,1639.29,1609.16
608,2392.88,27,6.4,1,418,2604.63,1481.38,1835.96
609,2168.39,21,6.8,0,355,1735.84,1152.05,2093.08
610,5000.66,54,27.5,1,554,4130.98,2942.41,3166.97
611,4081.1,46,24.8,4,589,3612.42,3251.0,2642.81
612,2898.72,38,13.7,4,450,2340.73,2260.97,1752.15
613,3584.53,42,11.6,2,489,3341.21,2170.75,2486.83
614,1803.31,28,0.8,3,407,2431.24,1453.1,1532.07
615,5770.73,63,29.5,1,753,4929.61,3516.12,4185.1
616,2866.16,40,8.8,1,460,2731.71,2151.76,1687.13
617,3442.37,40,11.7,1,498,3051.07,1897.42,2641.12
618,4630.15,46,19.2,1,625,3816.96,2754.28,3414.9
619,4056.16,44,15.3,0,503,2964.93,2325.63,2317.37
620,3416.66,41,14.8,3,522,2881.62,2141.24,2325.62
621,2588.02,31,4.9,1,468,2098.69,1609.13,1469.06
622,4067.77,44,19.6,0,612,4050.36,1826.88,3235.65
623,4340.76,58,14.4,2,475,3518.36,2252.08,2508.3
624,4337.04,52,19.3,1,554,3599.31,2668.06,3177.76
625,3627.48,55,7.0,2,458,3295.46,2247.63,2217.4
626,2721.23,34,5.1,1,455,2225.65,1733.32,1556.68
627,2111.32,29,6.2,2,440,1909.3,1516.22,1740.06
628,2497.44,38,4.9,0,512,2486.72,1100.2,1823.95
629,3063.01,40,14.7,2,478,3016.08,2031.98,2328.46
630,3247.91,50,11.4,1,480,3002.41,1621.08,2221.97
631,1283.95,22,0.0,2,404,1585.21,1455.65,905.82
632,4719.81,54,22.2,3,620,4062.06,2756.22,3338.14
633,2483.52,37,5.3,1,496,2533.4,1491.12,2068.85
634,3356.77,35,12.6,2,519,3066.22,1914.38,2701.96
635,2616.15,29,7.7,1,404,2090.89,1778.6,1727.62
636,981.02,22,0.0,3,300,1159.75,986.76,697.83
637,3811.24,47,10.1,1,455,2913.81,2130.96,2279.66
638,3557.78,40,10.2,1,542,3202.56,2375.68,2499.23
639,2009.15,26,6.1,1,472,1975.73,1293.27,1814.07
640,2714.07,26,9.1,1,549,3306.35,1817.4,2282.85
641,2486.23,36,5.8,1,479,2394.5,1272.65,1563.01
642,4523.18,56,16.7,0,645,3614.83,2094.4,3449.12
643,2674.43,36,11.1,2,440,2416.64,1860.95,1965.19
644,1501.41,24,4.7,2,330,1654.41,1096.5,990.67
645,2932.01,37,10.3,3,508,3150.69,2328.01,1738.66
646,2516.69,36,2.0,0,453,2227.72,1361.81,2172.59
647,1635.81,21,1.0,1,385,1310.92,1137.12,1307.52
648,2428.59,38,5.9,2,450,2520.76,1241.18,1782.79
649,3123.04,37,11.4,0,516,2520.46,2246.43,2040.08
650,4018.25,46,16.2,2,611,3482.95,2524.05,2662.28
